{"cameraMode":{"drawMode":0,"name":"Shaded","section":"Shading Mode"},"sceneLighting":true,"audioPlay":false,"sceneViewState":{"m_AlwaysRefresh":false,"showFog":true,"showSkybox":true,"showFlares":true,"showImageEffects":true,"showParticleSystems":true,"showVisualEffectGraphs":true,"m_FxEnabled":true},"in2DMode":false,"pivot":{"x":0.7314577698707581,"y":3.6278328895568849,"z":-1.294700026512146},"rotation":{"x":-0.07038292288780213,"y":0.7297881245613098,"z":-0.07600759714841843,"w":-0.6757849454879761},"size":0.9886382222175598,"orthographic":false}