{"cameraMode":{"drawMode":0,"name":"Shaded","section":"Shading Mode"},"sceneLighting":true,"audioPlay":false,"sceneViewState":{"m_AlwaysRefresh":false,"showFog":true,"showSkybox":true,"showFlares":true,"showImageEffects":true,"showParticleSystems":true,"showVisualEffectGraphs":true,"m_FxEnabled":true},"in2DMode":false,"pivot":{"x":490.47418212890627,"y":251.8208465576172,"z":15.07623291015625},"rotation":{"x":-0.055853426456451419,"y":0.0038348513189703228,"z":-0.0002146055194316432,"w":-0.9984338283538818},"size":319.25994873046877,"orthographic":false}